[{"pk": 5, "model": "contenttypes.contenttype", "fields": {"model": "contenttype", "name": "content type", "app_label": "contenttypes"}}, {"pk": 11, "model": "contenttypes.contenttype", "fields": {"model": "file", "name": "file", "app_label": "board"}}, {"pk": 12, "model": "contenttypes.contenttype", "fields": {"model": "filecategory", "name": "file category", "app_label": "board"}}, {"pk": 13, "model": "contenttypes.contenttype", "fields": {"model": "filetype", "name": "file type", "app_label": "board"}}, {"pk": 2, "model": "contenttypes.contenttype", "fields": {"model": "group", "name": "group", "app_label": "auth"}}, {"pk": 8, "model": "contenttypes.contenttype", "fields": {"model": "logentry", "name": "log entry", "app_label": "admin"}}, {"pk": 4, "model": "contenttypes.contenttype", "fields": {"model": "message", "name": "message", "app_label": "auth"}}, {"pk": 1, "model": "contenttypes.contenttype", "fields": {"model": "permission", "name": "permission", "app_label": "auth"}}, {"pk": 10, "model": "contenttypes.contenttype", "fields": {"model": "post", "name": "post", "app_label": "board"}}, {"pk": 14, "model": "contenttypes.contenttype", "fields": {"model": "section", "name": "section", "app_label": "board"}}, {"pk": 15, "model": "contenttypes.contenttype", "fields": {"model": "sectiongroup", "name": "section group", "app_label": "board"}}, {"pk": 6, "model": "contenttypes.contenttype", "fields": {"model": "session", "name": "session", "app_label": "sessions"}}, {"pk": 7, "model": "contenttypes.contenttype", "fields": {"model": "site", "name": "site", "app_label": "sites"}}, {"pk": 9, "model": "contenttypes.contenttype", "fields": {"model": "thread", "name": "thread", "app_label": "board"}}, {"pk": 3, "model": "contenttypes.contenttype", "fields": {"model": "user", "name": "user", "app_label": "auth"}}, {"pk": 16, "model": "contenttypes.contenttype", "fields": {"model": "user", "name": "user", "app_label": "board"}}, {"pk": "da60f77d89b4acad1b2e5d0596156ff6", "model": "sessions.session", "fields": {"expire_date": "2011-02-03 15:40:07", "session_data": "gAJ9cQEoVRJfYXV0aF91c2VyX2JhY2tlbmRxAlUpZGphbmdvLmNvbnRyaWIuYXV0aC5iYWNrZW5k\ncy5Nb2RlbEJhY2tlbmRxA1UNX2F1dGhfdXNlcl9pZHEEigEBdS4wZGNkZDA1OTg5ZWNlODZlMjJh\nOTZkNzVkNzgzMjg3Mg==\n"}}, {"pk": 1, "model": "sites.site", "fields": {"domain": "example.com", "name": "example.com"}}, {"pk": 2, "model": "admin.logentry", "fields": {"action_flag": 1, "action_time": "2011-01-20 15:55:34", "object_repr": "au/1", "object_id": "1", "change_message": "", "user": 1, "content_type": 10}}, {"pk": 1, "model": "admin.logentry", "fields": {"action_flag": 1, "action_time": "2011-01-20 15:55:22", "object_repr": "1", "object_id": "1", "change_message": "", "user": 1, "content_type": 9}}, {"pk": 1, "model": "board.thread", "fields": {"bump": "2011-01-20 15:55:20", "is_pinned": false, "is_closed": false}}, {"pk": 1, "model": "board.post", "fields": {"is_deleted": false, "thread": 1, "ip": "192.168.1.100", "section": 1, "pid": 1, "tripcode": "", "topic": "", "is_op_post": false, "poster": "", "date": "2011-01-20 15:55:34", "message": "", "password": "", "email": ""}}, {"pk": 1, "model": "board.filecategory", "fields": {"name": "\u0418\u0437\u043e\u0431\u0440\u0430\u0436\u0435\u043d\u0438\u044f"}}, {"pk": 2, "model": "board.filecategory", "fields": {"name": "\u0410\u0443\u0434\u0438\u043e"}}, {"pk": 3, "model": "board.filecategory", "fields": {"name": "\u0412\u0438\u0434\u0435\u043e"}}, {"pk": 4, "model": "board.filecategory", "fields": {"name": "\u0422\u0435\u043a\u0441\u0442"}}, {"pk": 5, "model": "board.filecategory", "fields": {"name": "\u0410\u0440\u0445\u0438\u0432\u044b"}}, {"pk": 6, "model": "board.filecategory", "fields": {"name": "\u0424\u043b\u0435\u0448"}}, {"pk": 1, "model": "board.filetype", "fields": {"category": 1, "mime": "image/jpeg", "extension": "jpg"}}, {"pk": 2, "model": "board.filetype", "fields": {"category": 1, "mime": "image/jpeg", "extension": "jpeg"}}, {"pk": 3, "model": "board.filetype", "fields": {"category": 1, "mime": "image/gif", "extension": "gif"}}, {"pk": 4, "model": "board.filetype", "fields": {"category": 1, "mime": "image/png", "extension": "png"}}, {"pk": 5, "model": "board.filetype", "fields": {"category": 1, "mime": "image/svg", "extension": "svg"}}, {"pk": 6, "model": "board.filetype", "fields": {"category": 1, "mime": "image/tiff", "extension": "tiff"}}, {"pk": 7, "model": "board.filetype", "fields": {"category": 1, "mime": "image/webp", "extension": "webp"}}, {"pk": 8, "model": "board.filetype", "fields": {"category": 2, "mime": "audio/mpeg", "extension": "mp3"}}, {"pk": 9, "model": "board.filetype", "fields": {"category": 2, "mime": "audio/midi", "extension": "midi"}}, {"pk": 10, "model": "board.filetype", "fields": {"category": 2, "mime": "audio/ogg", "extension": "ogg"}}, {"pk": 11, "model": "board.filetype", "fields": {"category": 3, "mime": "video/3gpp", "extension": "3gp"}}, {"pk": 12, "model": "board.filetype", "fields": {"category": 3, "mime": "video/mpeg", "extension": "mpg"}}, {"pk": 13, "model": "board.filetype", "fields": {"category": 3, "mime": "video/mpeg", "extension": "mpeg"}}, {"pk": 14, "model": "board.filetype", "fields": {"category": 3, "mime": "video/ogg", "extension": "ogv"}}, {"pk": 15, "model": "board.filetype", "fields": {"category": 3, "mime": "video/quicktime", "extension": "mov"}}, {"pk": 16, "model": "board.filetype", "fields": {"category": 3, "mime": "videm/webm", "extension": "webm"}}, {"pk": 17, "model": "board.filetype", "fields": {"category": 3, "mime": "video/x-flv", "extension": "flv"}}, {"pk": 18, "model": "board.filetype", "fields": {"category": 3, "mime": "video/x-ms-wmv", "extension": "wmv"}}, {"pk": 19, "model": "board.filetype", "fields": {"category": 3, "mime": "video/x-msvideo", "extension": "avi"}}, {"pk": 20, "model": "board.filetype", "fields": {"category": 4, "mime": "text/html", "extension": "html"}}, {"pk": 21, "model": "board.filetype", "fields": {"category": 4, "mime": "text/html", "extension": "htm"}}, {"pk": 22, "model": "board.filetype", "fields": {"category": 4, "mime": "application/msword", "extension": "doc"}}, {"pk": 23, "model": "board.filetype", "fields": {"category": 4, "mime": "application/msword", "extension": "docx"}}, {"pk": 24, "model": "board.filetype", "fields": {"category": 4, "mime": "application/pdf", "extension": "pdf"}}, {"pk": 25, "model": "board.filetype", "fields": {"category": 4, "mime": "text/plain", "extension": "txt"}}, {"pk": 26, "model": "board.filetype", "fields": {"category": 6, "mime": "application/x-shockwave-flash", "extension": "swf"}}, {"pk": 1, "model": "board.section", "fields": {"bumplimit": 0, "group": 1, "description": "", "filesize_limit": 0, "default_name": "", "anonymity": false, "threadlimit": 0, "filetypes": [], "slug": "au", "name": "\u0430\u0432\u0442\u043e\u043c\u043e\u0431\u0438\u043b\u0438"}}, {"pk": 2, "model": "board.section", "fields": {"bumplimit": 0, "group": 1, "description": "", "filesize_limit": 0, "default_name": "", "anonymity": false, "threadlimit": 0, "filetypes": [], "slug": "bg", "name": "\u043d\u0430\u0441\u0442\u043e\u043b\u044c\u043d\u044b\u0435 \u0438\u0433\u0440\u044b"}}, {"pk": 3, "model": "board.section", "fields": {"bumplimit": 0, "group": 1, "description": "", "filesize_limit": 0, "default_name": "", "anonymity": false, "threadlimit": 0, "filetypes": [], "slug": "bi", "name": "\u0432\u0435\u043b\u043e\u0441\u0438\u043f\u0435\u0434\u044b"}}, {"pk": 4, "model": "board.section", "fields": {"bumplimit": 0, "group": 1, "description": "", "filesize_limit": 0, "default_name": "", "anonymity": false, "threadlimit": 0, "filetypes": [], "slug": "biz", "name": "\u0431\u0438\u0437\u043d\u0435\u0441"}}, {"pk": 5, "model": "board.section", "fields": {"bumplimit": 0, "group": 1, "description": "", "filesize_limit": 0, "default_name": "", "anonymity": false, "threadlimit": 0, "filetypes": [], "slug": "bo", "name": "\u043a\u043d\u0438\u0433\u0438"}}, {"pk": 6, "model": "board.section", "fields": {"bumplimit": 0, "group": 1, "description": "", "filesize_limit": 0, "default_name": "", "anonymity": false, "threadlimit": 0, "filetypes": [], "slug": "c", "name": "\u043a\u043e\u043c\u0438\u043a\u0441\u044b"}}, {"pk": 7, "model": "board.section", "fields": {"bumplimit": 0, "group": 1, "description": "", "filesize_limit": 0, "default_name": "", "anonymity": false, "threadlimit": 0, "filetypes": [], "slug": "em", "name": "\u044d\u043c\u0438\u0433\u0440\u0430\u0446\u0438\u044f"}}, {"pk": 8, "model": "board.section", "fields": {"bumplimit": 0, "group": 1, "description": "", "filesize_limit": 0, "default_name": "", "anonymity": false, "threadlimit": 0, "filetypes": [], "slug": "ew", "name": "\u043a\u043e\u043d\u0435\u0446 \u0441\u0432\u0435\u0442\u0430"}}, {"pk": 9, "model": "board.section", "fields": {"bumplimit": 0, "group": 1, "description": "", "filesize_limit": 0, "default_name": "", "anonymity": false, "threadlimit": 0, "filetypes": [], "slug": "fa", "name": "\u043c\u043e\u0434\u0430 \u0438 \u0441\u0442\u0438\u043b\u044c"}}, {"pk": 10, "model": "board.section", "fields": {"bumplimit": 0, "group": 1, "description": "", "filesize_limit": 0, "default_name": "", "anonymity": false, "threadlimit": 0, "filetypes": [], "slug": "fi", "name": "\u0444\u0438\u0433\u0443\u0440\u043a\u0438"}}, {"pk": 11, "model": "board.section", "fields": {"bumplimit": 0, "group": 1, "description": "", "filesize_limit": 0, "default_name": "", "anonymity": false, "threadlimit": 0, "filetypes": [], "slug": "fl", "name": "\u0438\u043d\u043e\u0441\u0442\u0440\u0430\u043d\u043d\u044b\u0435 \u044f\u0437\u044b\u043a\u0438"}}, {"pk": 12, "model": "board.section", "fields": {"bumplimit": 0, "group": 1, "description": "", "filesize_limit": 0, "default_name": "", "anonymity": false, "threadlimit": 0, "filetypes": [], "slug": "hw", "name": "\u0436\u0435\u043b\u0435\u0437\u043e"}}, {"pk": 13, "model": "board.section", "fields": {"bumplimit": 0, "group": 1, "description": "", "filesize_limit": 0, "default_name": "", "anonymity": false, "threadlimit": 0, "filetypes": [], "slug": "me", "name": "\u043c\u0435\u0434\u0438\u0446\u0438\u043d\u0430"}}, {"pk": 14, "model": "board.section", "fields": {"bumplimit": 0, "group": 1, "description": "", "filesize_limit": 0, "default_name": "", "anonymity": false, "threadlimit": 0, "filetypes": [], "slug": "mo", "name": "\u043c\u043e\u0442\u043e\u0446\u0438\u043a\u043b\u044b"}}, {"pk": 15, "model": "board.section", "fields": {"bumplimit": 0, "group": 1, "description": "", "filesize_limit": 0, "default_name": "", "anonymity": false, "threadlimit": 0, "filetypes": [], "slug": "mu", "name": "\u043c\u0443\u0437\u044b\u043a\u0430"}}, {"pk": 16, "model": "board.section", "fields": {"bumplimit": 0, "group": 1, "description": "", "filesize_limit": 0, "default_name": "", "anonymity": false, "threadlimit": 0, "filetypes": [], "slug": "ne", "name": "\u043a\u043e\u0448\u043a\u0438"}}, {"pk": 17, "model": "board.section", "fields": {"bumplimit": 0, "group": 1, "description": "", "filesize_limit": 0, "default_name": "", "anonymity": false, "threadlimit": 0, "filetypes": [], "slug": "ph", "name": "\u0444\u0438\u043b\u043e\u0441\u043e\u0444\u0438\u044f"}}, {"pk": 18, "model": "board.section", "fields": {"bumplimit": 0, "group": 1, "description": "", "filesize_limit": 0, "default_name": "", "anonymity": false, "threadlimit": 0, "filetypes": [], "slug": "po", "name": "\u043f\u043e\u043b\u0438\u0442\u0438\u043a\u0430"}}, {"pk": 19, "model": "board.section", "fields": {"bumplimit": 0, "group": 1, "description": "", "filesize_limit": 0, "default_name": "", "anonymity": false, "threadlimit": 0, "filetypes": [], "slug": "pr", "name": "\u043f\u0440\u043e\u0433\u0440\u0430\u043c\u043c\u0438\u0440\u043e\u0432\u0430\u043d\u0438\u0435"}}, {"pk": 20, "model": "board.section", "fields": {"bumplimit": 0, "group": 1, "description": "", "filesize_limit": 0, "default_name": "", "anonymity": false, "threadlimit": 0, "filetypes": [], "slug": "ra", "name": "\u0440\u0430\u0434\u0438\u043e\u0442\u0435\u0445\u043d\u0438\u043a\u0430"}}, {"pk": 21, "model": "board.section", "fields": {"bumplimit": 0, "group": 1, "description": "", "filesize_limit": 0, "default_name": "", "anonymity": false, "threadlimit": 0, "filetypes": [], "slug": "re", "name": "\u0440\u0435\u043b\u0438\u0433\u0438\u044f"}}, {"pk": 22, "model": "board.section", "fields": {"bumplimit": 0, "group": 1, "description": "", "filesize_limit": 0, "default_name": "", "anonymity": false, "threadlimit": 0, "filetypes": [], "slug": "s", "name": "\u043f\u0440\u043e\u0433\u0440\u0430\u043c\u043c\u044b"}}, {"pk": 23, "model": "board.section", "fields": {"bumplimit": 0, "group": 1, "description": "", "filesize_limit": 0, "default_name": "", "anonymity": false, "threadlimit": 0, "filetypes": [], "slug": "sci", "name": "\u043d\u0430\u0443\u043a\u0430"}}, {"pk": 24, "model": "board.section", "fields": {"bumplimit": 0, "group": 1, "description": "", "filesize_limit": 0, "default_name": "", "anonymity": false, "threadlimit": 0, "filetypes": [], "slug": "sh", "name": "\u0431\u0430\u0440\u0430\u0445\u043e\u043b\u043a\u0430"}}, {"pk": 25, "model": "board.section", "fields": {"bumplimit": 0, "group": 1, "description": "", "filesize_limit": 0, "default_name": "", "anonymity": false, "threadlimit": 0, "filetypes": [], "slug": "sn", "name": "\u043f\u0430\u0440\u0430\u043d\u043e\u0440\u043c\u0430\u043b\u044c\u043d\u044b\u0435 \u044f\u0432\u043b\u0435\u043d\u0438\u044f"}}, {"pk": 26, "model": "board.section", "fields": {"bumplimit": 0, "group": 1, "description": "", "filesize_limit": 0, "default_name": "", "anonymity": false, "threadlimit": 0, "filetypes": [], "slug": "sp", "name": "\u0441\u043f\u043e\u0440\u0442"}}, {"pk": 27, "model": "board.section", "fields": {"bumplimit": 0, "group": 1, "description": "", "filesize_limit": 0, "default_name": "", "anonymity": false, "threadlimit": 0, "filetypes": [], "slug": "t", "name": "\u0442\u0435\u0445\u043d\u043e\u043b\u043e\u0433\u0438\u0438"}}, {"pk": 28, "model": "board.section", "fields": {"bumplimit": 0, "group": 1, "description": "", "filesize_limit": 0, "default_name": "", "anonymity": false, "threadlimit": 0, "filetypes": [], "slug": "tr", "name": "\u0442\u0440\u0430\u043d\u0441\u043f\u043e\u0440\u0442"}}, {"pk": 29, "model": "board.section", "fields": {"bumplimit": 0, "group": 1, "description": "", "filesize_limit": 0, "default_name": "", "anonymity": false, "threadlimit": 0, "filetypes": [], "slug": "tv", "name": "\u0442\u0432 \u0438 \u043a\u0438\u043d\u043e"}}, {"pk": 30, "model": "board.section", "fields": {"bumplimit": 0, "group": 1, "description": "", "filesize_limit": 0, "default_name": "", "anonymity": false, "threadlimit": 0, "filetypes": [], "slug": "un", "name": "\u0443\u043d\u0438\u0432\u0435\u0440\u0441\u0438\u0442\u0435\u0442"}}, {"pk": 31, "model": "board.section", "fields": {"bumplimit": 0, "group": 1, "description": "", "filesize_limit": 0, "default_name": "", "anonymity": false, "threadlimit": 0, "filetypes": [], "slug": "vg", "name": "\u0432\u0438\u0434\u0435\u043e\u0438\u0433\u0440\u044b"}}, {"pk": 32, "model": "board.section", "fields": {"bumplimit": 0, "group": 1, "description": "", "filesize_limit": 0, "default_name": "", "anonymity": false, "threadlimit": 0, "filetypes": [], "slug": "w", "name": "\u043e\u0440\u0443\u0436\u0438\u0435"}}, {"pk": 33, "model": "board.section", "fields": {"bumplimit": 0, "group": 1, "description": "", "filesize_limit": 0, "default_name": "", "anonymity": false, "threadlimit": 0, "filetypes": [], "slug": "wh", "name": "warhammer"}}, {"pk": 34, "model": "board.section", "fields": {"bumplimit": 0, "group": 1, "description": "", "filesize_limit": 0, "default_name": "", "anonymity": false, "threadlimit": 0, "filetypes": [], "slug": "wm", "name": "\u0432\u043e\u0435\u043d\u043d\u0430\u044f \u0442\u0435\u0445\u043d\u0438\u043a\u0430"}}, {"pk": 35, "model": "board.section", "fields": {"bumplimit": 0, "group": 2, "description": "", "filesize_limit": 0, "default_name": "", "anonymity": false, "threadlimit": 0, "filetypes": [], "slug": "di", "name": "\u0441\u0442\u043e\u043b\u043e\u0432\u0430\u044f"}}, {"pk": 36, "model": "board.section", "fields": {"bumplimit": 0, "group": 2, "description": "", "filesize_limit": 0, "default_name": "", "anonymity": false, "threadlimit": 0, "filetypes": [], "slug": "f", "name": "flash"}}, {"pk": 37, "model": "board.section", "fields": {"bumplimit": 0, "group": 2, "description": "", "filesize_limit": 0, "default_name": "", "anonymity": false, "threadlimit": 0, "filetypes": [], "slug": "hr", "name": "\u0432\u044b\u0441\u043e\u043a\u043e\u0435 \u0440\u0430\u0437\u0440\u0435\u0448\u0435\u043d\u0438\u0435"}}, {"pk": 38, "model": "board.section", "fields": {"bumplimit": 0, "group": 2, "description": "", "filesize_limit": 0, "default_name": "", "anonymity": false, "threadlimit": 0, "filetypes": [], "slug": "pa", "name": "\u0436\u0438\u0432\u043e\u043f\u0438\u0441\u044c"}}, {"pk": 39, "model": "board.section", "fields": {"bumplimit": 0, "group": 2, "description": "", "filesize_limit": 0, "default_name": "", "anonymity": false, "threadlimit": 0, "filetypes": [], "slug": "o", "name": "\u043c\u0430\u0437\u043d\u044f"}}, {"pk": 40, "model": "board.section", "fields": {"bumplimit": 0, "group": 2, "description": "", "filesize_limit": 0, "default_name": "", "anonymity": false, "threadlimit": 0, "filetypes": [], "slug": "p", "name": "\u0444\u043e\u0442\u043e"}}, {"pk": 41, "model": "board.section", "fields": {"bumplimit": 0, "group": 2, "description": "", "filesize_limit": 0, "default_name": "", "anonymity": false, "threadlimit": 0, "filetypes": [], "slug": "wp", "name": "\u043e\u0431\u043e\u0438"}}, {"pk": 42, "model": "board.section", "fields": {"bumplimit": 0, "group": 2, "description": "", "filesize_limit": 0, "default_name": "", "anonymity": false, "threadlimit": 0, "filetypes": [], "slug": "td", "name": "\u0442\u0440\u0451\u0445\u043c\u0435\u0440\u043d\u0430\u044f \u0433\u0440\u0430\u0444\u0438\u043a\u0430"}}, {"pk": 43, "model": "board.section", "fields": {"bumplimit": 0, "group": 3, "description": "", "filesize_limit": 0, "default_name": "", "anonymity": false, "threadlimit": 0, "filetypes": [], "slug": "a", "name": "\u0430\u043d\u0438\u043c\u0435"}}, {"pk": 44, "model": "board.section", "fields": {"bumplimit": 0, "group": 3, "description": "", "filesize_limit": 0, "default_name": "", "anonymity": false, "threadlimit": 0, "filetypes": [], "slug": "aa", "name": "\u0430\u043d\u0438\u043c\u0435 \u0430\u0440\u0442"}}, {"pk": 45, "model": "board.section", "fields": {"bumplimit": 0, "group": 3, "description": "", "filesize_limit": 0, "default_name": "", "anonymity": false, "threadlimit": 0, "filetypes": [], "slug": "ad", "name": "\u0430\u043d\u0438\u043c\u0435 \u0434\u0438\u0441\u043a\u0430\u0447"}}, {"pk": 46, "model": "board.section", "fields": {"bumplimit": 0, "group": 3, "description": "", "filesize_limit": 0, "default_name": "", "anonymity": false, "threadlimit": 0, "filetypes": [], "slug": "fd", "name": "\u0444\u044d\u043d\u0434\u043e\u043c"}}, {"pk": 47, "model": "board.section", "fields": {"bumplimit": 0, "group": 3, "description": "", "filesize_limit": 0, "default_name": "", "anonymity": false, "threadlimit": 0, "filetypes": [], "slug": "m", "name": "\u043c\u0435\u0445\u0430"}}, {"pk": 48, "model": "board.section", "fields": {"bumplimit": 0, "group": 3, "description": "", "filesize_limit": 0, "default_name": "", "anonymity": false, "threadlimit": 0, "filetypes": [], "slug": "ma", "name": "\u043c\u0430\u043d\u0433\u0430"}}, {"pk": 49, "model": "board.section", "fields": {"bumplimit": 0, "group": 3, "description": "", "filesize_limit": 0, "default_name": "", "anonymity": false, "threadlimit": 0, "filetypes": [], "slug": "to", "name": "touhou"}}, {"pk": 50, "model": "board.section", "fields": {"bumplimit": 0, "group": 4, "description": "", "filesize_limit": 0, "default_name": "", "anonymity": false, "threadlimit": 0, "filetypes": [], "slug": "fg", "name": "\u0442\u0440\u0430\u043f\u044b"}}, {"pk": 51, "model": "board.section", "fields": {"bumplimit": 0, "group": 4, "description": "", "filesize_limit": 0, "default_name": "", "anonymity": false, "threadlimit": 0, "filetypes": [], "slug": "fur", "name": "\u0444\u0443\u0440\u0440\u0438"}}, {"pk": 52, "model": "board.section", "fields": {"bumplimit": 0, "group": 4, "description": "", "filesize_limit": 0, "default_name": "", "anonymity": false, "threadlimit": 0, "filetypes": [], "slug": "g", "name": "\u0434\u0435\u0432\u0443\u0448\u043a\u0438"}}, {"pk": 53, "model": "board.section", "fields": {"bumplimit": 0, "group": 4, "description": "", "filesize_limit": 0, "default_name": "", "anonymity": false, "threadlimit": 0, "filetypes": [], "slug": "le", "name": "\u043b\u0435\u0441\u0431\u0438"}}, {"pk": 54, "model": "board.section", "fields": {"bumplimit": 0, "group": 4, "description": "", "filesize_limit": 0, "default_name": "", "anonymity": false, "threadlimit": 0, "filetypes": [], "slug": "ga", "name": "\u0433\u0435\u0438"}}, {"pk": 55, "model": "board.section", "fields": {"bumplimit": 0, "group": 4, "description": "", "filesize_limit": 0, "default_name": "", "anonymity": false, "threadlimit": 0, "filetypes": [], "slug": "h", "name": "\u0445\u0435\u043d\u0442\u0430\u0439"}}, {"pk": 56, "model": "board.section", "fields": {"bumplimit": 0, "group": 4, "description": "", "filesize_limit": 0, "default_name": "", "anonymity": false, "threadlimit": 0, "filetypes": [], "slug": "ho", "name": "\u043f\u0440\u043e\u0447\u0438\u0439 \u0445\u0435\u043d\u0442\u0430\u0439"}}, {"pk": 57, "model": "board.section", "fields": {"bumplimit": 0, "group": 4, "description": "", "filesize_limit": 0, "default_name": "", "anonymity": false, "threadlimit": 0, "filetypes": [], "slug": "u", "name": "\u044e\u0440\u0438"}}, {"pk": 58, "model": "board.section", "fields": {"bumplimit": 0, "group": 4, "description": "", "filesize_limit": 0, "default_name": "", "anonymity": false, "threadlimit": 0, "filetypes": [], "slug": "y", "name": "\u044f\u043e\u0439"}}, {"pk": 59, "model": "board.section", "fields": {"bumplimit": 0, "group": 5, "description": "", "filesize_limit": 0, "default_name": "", "anonymity": false, "threadlimit": 0, "filetypes": [], "slug": "b", "name": "\u0431\u0440\u0435\u0434"}}, {"pk": 60, "model": "board.section", "fields": {"bumplimit": 0, "group": 5, "description": "", "filesize_limit": 0, "default_name": "", "anonymity": false, "threadlimit": 0, "filetypes": [], "slug": "r", "name": "\u043f\u0440\u043e\u0441\u044c\u0431\u044b"}}, {"pk": 61, "model": "board.section", "fields": {"bumplimit": 0, "group": 5, "description": "", "filesize_limit": 0, "default_name": "", "anonymity": false, "threadlimit": 0, "filetypes": [], "slug": "rl", "name": "real life"}}, {"pk": 62, "model": "board.section", "fields": {"bumplimit": 0, "group": 6, "description": "", "filesize_limit": 0, "default_name": "", "anonymity": false, "threadlimit": 0, "filetypes": [], "slug": "rf", "name": "\u0443\u0431\u0435\u0436\u0438\u0449\u0435"}}, {"pk": 63, "model": "board.section", "fields": {"bumplimit": 0, "group": 6, "description": "", "filesize_limit": 0, "default_name": "", "anonymity": false, "threadlimit": 0, "filetypes": [], "slug": "bb", "name": "\u0431\u0440\u0435\u0434+"}}, {"pk": 1, "model": "board.sectiongroup", "fields": {"is_hidden": false, "name": "\u0422\u0435\u043c\u0430\u0442\u0438\u043a\u0430", "order": 1}}, {"pk": 2, "model": "board.sectiongroup", "fields": {"is_hidden": false, "name": "\u0422\u0432\u043e\u0440\u0447\u0435\u0441\u0442\u0432\u043e", "order": 2}}, {"pk": 3, "model": "board.sectiongroup", "fields": {"is_hidden": false, "name": "\u042f\u043f\u043e\u043d\u0441\u043a\u0430\u044f \u043a\u0443\u043b\u044c\u0442\u0443\u0440\u0430", "order": 3}}, {"pk": 4, "model": "board.sectiongroup", "fields": {"is_hidden": false, "name": "\u0412\u0437\u0440\u043e\u0441\u043b\u044b\u043c", "order": 4}}, {"pk": 5, "model": "board.sectiongroup", "fields": {"is_hidden": false, "name": "\u0420\u0430\u0437\u043d\u043e\u0435", "order": 5}}, {"pk": 6, "model": "board.sectiongroup", "fields": {"is_hidden": true, "name": "\u0421\u043a\u0440\u044b\u0442\u043e\u0435", "order": 6}}, {"pk": 22, "model": "auth.permission", "fields": {"codename": "add_logentry", "name": "Can add log entry", "content_type": 8}}, {"pk": 23, "model": "auth.permission", "fields": {"codename": "change_logentry", "name": "Can change log entry", "content_type": 8}}, {"pk": 24, "model": "auth.permission", "fields": {"codename": "delete_logentry", "name": "Can delete log entry", "content_type": 8}}, {"pk": 4, "model": "auth.permission", "fields": {"codename": "add_group", "name": "Can add group", "content_type": 2}}, {"pk": 5, "model": "auth.permission", "fields": {"codename": "change_group", "name": "Can change group", "content_type": 2}}, {"pk": 6, "model": "auth.permission", "fields": {"codename": "delete_group", "name": "Can delete group", "content_type": 2}}, {"pk": 10, "model": "auth.permission", "fields": {"codename": "add_message", "name": "Can add message", "content_type": 4}}, {"pk": 11, "model": "auth.permission", "fields": {"codename": "change_message", "name": "Can change message", "content_type": 4}}, {"pk": 12, "model": "auth.permission", "fields": {"codename": "delete_message", "name": "Can delete message", "content_type": 4}}, {"pk": 1, "model": "auth.permission", "fields": {"codename": "add_permission", "name": "Can add permission", "content_type": 1}}, {"pk": 2, "model": "auth.permission", "fields": {"codename": "change_permission", "name": "Can change permission", "content_type": 1}}, {"pk": 3, "model": "auth.permission", "fields": {"codename": "delete_permission", "name": "Can delete permission", "content_type": 1}}, {"pk": 7, "model": "auth.permission", "fields": {"codename": "add_user", "name": "Can add user", "content_type": 3}}, {"pk": 8, "model": "auth.permission", "fields": {"codename": "change_user", "name": "Can change user", "content_type": 3}}, {"pk": 9, "model": "auth.permission", "fields": {"codename": "delete_user", "name": "Can delete user", "content_type": 3}}, {"pk": 31, "model": "auth.permission", "fields": {"codename": "add_file", "name": "Can add file", "content_type": 11}}, {"pk": 32, "model": "auth.permission", "fields": {"codename": "change_file", "name": "Can change file", "content_type": 11}}, {"pk": 33, "model": "auth.permission", "fields": {"codename": "delete_file", "name": "Can delete file", "content_type": 11}}, {"pk": 34, "model": "auth.permission", "fields": {"codename": "add_filecategory", "name": "Can add file category", "content_type": 12}}, {"pk": 35, "model": "auth.permission", "fields": {"codename": "change_filecategory", "name": "Can change file category", "content_type": 12}}, {"pk": 36, "model": "auth.permission", "fields": {"codename": "delete_filecategory", "name": "Can delete file category", "content_type": 12}}, {"pk": 37, "model": "auth.permission", "fields": {"codename": "add_filetype", "name": "Can add file type", "content_type": 13}}, {"pk": 38, "model": "auth.permission", "fields": {"codename": "change_filetype", "name": "Can change file type", "content_type": 13}}, {"pk": 39, "model": "auth.permission", "fields": {"codename": "delete_filetype", "name": "Can delete file type", "content_type": 13}}, {"pk": 28, "model": "auth.permission", "fields": {"codename": "add_post", "name": "Can add post", "content_type": 10}}, {"pk": 29, "model": "auth.permission", "fields": {"codename": "change_post", "name": "Can change post", "content_type": 10}}, {"pk": 30, "model": "auth.permission", "fields": {"codename": "delete_post", "name": "Can delete post", "content_type": 10}}, {"pk": 40, "model": "auth.permission", "fields": {"codename": "add_section", "name": "Can add section", "content_type": 14}}, {"pk": 41, "model": "auth.permission", "fields": {"codename": "change_section", "name": "Can change section", "content_type": 14}}, {"pk": 42, "model": "auth.permission", "fields": {"codename": "delete_section", "name": "Can delete section", "content_type": 14}}, {"pk": 43, "model": "auth.permission", "fields": {"codename": "add_sectiongroup", "name": "Can add section group", "content_type": 15}}, {"pk": 44, "model": "auth.permission", "fields": {"codename": "change_sectiongroup", "name": "Can change section group", "content_type": 15}}, {"pk": 45, "model": "auth.permission", "fields": {"codename": "delete_sectiongroup", "name": "Can delete section group", "content_type": 15}}, {"pk": 25, "model": "auth.permission", "fields": {"codename": "add_thread", "name": "Can add thread", "content_type": 9}}, {"pk": 26, "model": "auth.permission", "fields": {"codename": "change_thread", "name": "Can change thread", "content_type": 9}}, {"pk": 27, "model": "auth.permission", "fields": {"codename": "delete_thread", "name": "Can delete thread", "content_type": 9}}, {"pk": 46, "model": "auth.permission", "fields": {"codename": "add_user", "name": "Can add user", "content_type": 16}}, {"pk": 47, "model": "auth.permission", "fields": {"codename": "change_user", "name": "Can change user", "content_type": 16}}, {"pk": 48, "model": "auth.permission", "fields": {"codename": "delete_user", "name": "Can delete user", "content_type": 16}}, {"pk": 13, "model": "auth.permission", "fields": {"codename": "add_contenttype", "name": "Can add content type", "content_type": 5}}, {"pk": 14, "model": "auth.permission", "fields": {"codename": "change_contenttype", "name": "Can change content type", "content_type": 5}}, {"pk": 15, "model": "auth.permission", "fields": {"codename": "delete_contenttype", "name": "Can delete content type", "content_type": 5}}, {"pk": 16, "model": "auth.permission", "fields": {"codename": "add_session", "name": "Can add session", "content_type": 6}}, {"pk": 17, "model": "auth.permission", "fields": {"codename": "change_session", "name": "Can change session", "content_type": 6}}, {"pk": 18, "model": "auth.permission", "fields": {"codename": "delete_session", "name": "Can delete session", "content_type": 6}}, {"pk": 19, "model": "auth.permission", "fields": {"codename": "add_site", "name": "Can add site", "content_type": 7}}, {"pk": 20, "model": "auth.permission", "fields": {"codename": "change_site", "name": "Can change site", "content_type": 7}}, {"pk": 21, "model": "auth.permission", "fields": {"codename": "delete_site", "name": "Can delete site", "content_type": 7}}, {"pk": 1, "model": "auth.user", "fields": {"username": "paul", "first_name": "", "last_name": "", "is_active": true, "is_superuser": true, "is_staff": true, "last_login": "2011-01-20 15:40:07", "groups": [], "user_permissions": [], "password": "sha1$2e7e3$14c303c40d0e508895b07dba72a1570027a47af0", "email": "paul@paul.com", "date_joined": "2011-01-20 15:39:44"}}]