[ { "fields" : { "name" : "Изображения" },
    "model" : "board.filetypegroup",
    "pk" : 1
  },
  { "fields" : { "name" : "Аудио" },
    "model" : "board.filetypegroup",
    "pk" : 2
  },
  { "fields" : { "name" : "Видео" },
    "model" : "board.filetypegroup",
    "pk" : 3
  },
  { "fields" : { "name" : "Текст" },
    "model" : "board.filetypegroup",
    "pk" : 4
  },
  { "fields" : { "name" : "Архивы" },
    "model" : "board.filetypegroup",
    "pk" : 5
  },
  { "fields" : { "name" : "Флеш" },
    "model" : "board.filetypegroup",
    "pk" : 6
  },
  { "fields" : { "extension" : "jpg",
        "group" : 1,
        "mime" : "image/jpeg"
      },
    "model" : "board.filetype",
    "pk" : 1
  },
  { "fields" : { "extension" : "jpeg",
        "group" : 1,
        "mime" : "image/jpeg"
      },
    "model" : "board.filetype",
    "pk" : 2
  },
  { "fields" : { "extension" : "gif",
        "group" : 1,
        "mime" : "image/gif"
      },
    "model" : "board.filetype",
    "pk" : 3
  },
  { "fields" : { "extension" : "png",
        "group" : 1,
        "mime" : "image/png"
      },
    "model" : "board.filetype",
    "pk" : 4
  },
  { "fields" : { "extension" : "svg",
        "group" : 1,
        "mime" : "image/svg"
      },
    "model" : "board.filetype",
    "pk" : 5
  },
  { "fields" : { "extension" : "tiff",
        "group" : 1,
        "mime" : "image/tiff"
      },
    "model" : "board.filetype",
    "pk" : 6
  },
  { "fields" : { "extension" : "webp",
        "group" : 1,
        "mime" : "image/webp"
      },
    "model" : "board.filetype",
    "pk" : 7
  },
  { "fields" : { "extension" : "mp3",
        "group" : 2,
        "mime" : "audio/mpeg"
      },
    "model" : "board.filetype",
    "pk" : 8
  },
  { "fields" : { "extension" : "midi",
        "group" : 2,
        "mime" : "audio/midi"
      },
    "model" : "board.filetype",
    "pk" : 9
  },
  { "fields" : { "extension" : "ogg",
        "group" : 2,
        "mime" : "audio/ogg"
      },
    "model" : "board.filetype",
    "pk" : 10
  },
  { "fields" : { "extension" : "3gp",
        "group" : 3,
        "mime" : "video/3gpp"
      },
    "model" : "board.filetype",
    "pk" : 11
  },
  { "fields" : { "extension" : "mpg",
        "group" : 3,
        "mime" : "video/mpeg"
      },
    "model" : "board.filetype",
    "pk" : 12
  },
  { "fields" : { "extension" : "mpeg",
        "group" : 3,
        "mime" : "video/mpeg"
      },
    "model" : "board.filetype",
    "pk" : 13
  },
  { "fields" : { "extension" : "ogv",
        "group" : 3,
        "mime" : "video/ogg"
      },
    "model" : "board.filetype",
    "pk" : 14
  },
  { "fields" : { "extension" : "mov",
        "group" : 3,
        "mime" : "video/quicktime"
      },
    "model" : "board.filetype",
    "pk" : 15
  },
  { "fields" : { "extension" : "webm",
        "group" : 3,
        "mime" : "videm/webm"
      },
    "model" : "board.filetype",
    "pk" : 16
  },
  { "fields" : { "extension" : "flv",
        "group" : 3,
        "mime" : "video/x-flv"
      },
    "model" : "board.filetype",
    "pk" : 17
  },
  { "fields" : { "extension" : "wmv",
        "group" : 3,
        "mime" : "video/x-ms-wmv"
      },
    "model" : "board.filetype",
    "pk" : 18
  },
  { "fields" : { "extension" : "avi",
        "group" : 3,
        "mime" : "video/x-msvideo"
      },
    "model" : "board.filetype",
    "pk" : 19
  },
  { "fields" : { "extension" : "html",
        "group" : 4,
        "mime" : "text/html"
      },
    "model" : "board.filetype",
    "pk" : 20
  },
  { "fields" : { "extension" : "htm",
        "group" : 4,
        "mime" : "text/html"
      },
    "model" : "board.filetype",
    "pk" : 21
  },
  { "fields" : { "extension" : "doc",
        "group" : 4,
        "mime" : "application/msword"
      },
    "model" : "board.filetype",
    "pk" : 22
  },
  { "fields" : { "extension" : "docx",
        "group" : 4,
        "mime" : "application/msword"
      },
    "model" : "board.filetype",
    "pk" : 23
  },
  { "fields" : { "extension" : "pdf",
        "group" : 4,
        "mime" : "application/pdf"
      },
    "model" : "board.filetype",
    "pk" : 24
  },
  { "fields" : { "extension" : "txt",
        "group" : 4,
        "mime" : "text/plain"
      },
    "model" : "board.filetype",
    "pk" : 25
  },
  { "fields" : { "extension" : "swf",
        "group" : 6,
        "mime" : "application/x-shockwave-flash"
      },
    "model" : "board.filetype",
    "pk" : 26
  },
  { "fields" : { "anonymity" : true,
        "bumplimit" : 500,
        "default_name" : "Аноним",
        "description" : "Запрещено: порно и эротические материалы с несовершеннолетними.",
        "filesize_limit" : 5242880,
        "filetypes" : [ 1 ],
        "group" : 5,
        "name" : "Бред",
        "slug" : "b",
        "threadlimit" : 200,
        "type" : 1
      },
    "model" : "board.section",
    "pk" : 1
  },
  { "fields" : { "anonymity" : false,
        "bumplimit" : 500,
        "default_name" : "Аноним",
        "description" : "",
        "filesize_limit" : 5242880,
        "filetypes" : [ 1 ],
        "group" : 1,
        "name" : "Автомобили и транспорт",
        "slug" : "au",
        "threadlimit" : 200,
        "type" : 1
      },
    "model" : "board.section",
    "pk" : 2
  },
  { "fields" : { "anonymity" : false,
        "bumplimit" : 500,
        "default_name" : "Аноним",
        "description" : "",
        "filesize_limit" : 5242880,
        "filetypes" : [ 1 ],
        "group" : 1,
        "name" : "Настольные игры",
        "slug" : "bg",
        "threadlimit" : 200,
        "type" : 1
      },
    "model" : "board.section",
    "pk" : 3
  },
  { "fields" : { "anonymity" : false,
        "bumplimit" : 500,
        "default_name" : "Аноним",
        "description" : "",
        "filesize_limit" : 5242880,
        "filetypes" : [ 1 ],
        "group" : 1,
        "name" : "Велосипеды и мотоциклы",
        "slug" : "bi",
        "threadlimit" : 200,
        "type" : 1
      },
    "model" : "board.section",
    "pk" : 4
  },
  { "fields" : { "anonymity" : false,
        "bumplimit" : 500,
        "default_name" : "Аноним",
        "description" : "",
        "filesize_limit" : 5242880,
        "filetypes" : [ 1 ],
        "group" : 1,
        "name" : "Бизнес",
        "slug" : "biz",
        "threadlimit" : 200,
        "type" : 1
      },
    "model" : "board.section",
    "pk" : 5
  },
  { "fields" : { "anonymity" : false,
        "bumplimit" : 500,
        "default_name" : "Аноним",
        "description" : "",
        "filesize_limit" : 5242880,
        "filetypes" : [ 1,
            4
          ],
        "group" : 1,
        "name" : "Книги",
        "slug" : "bo",
        "threadlimit" : 200,
        "type" : 1
      },
    "model" : "board.section",
    "pk" : 6
  },
  { "fields" : { "anonymity" : false,
        "bumplimit" : 500,
        "default_name" : "Аноним",
        "description" : "",
        "filesize_limit" : 5242880,
        "filetypes" : [ 1 ],
        "group" : 1,
        "name" : "Комиксы и мультфильмы",
        "slug" : "c",
        "threadlimit" : 200,
        "type" : 1
      },
    "model" : "board.section",
    "pk" : 7
  },
  { "fields" : { "anonymity" : false,
        "bumplimit" : 500,
        "default_name" : "Аноним",
        "description" : "",
        "filesize_limit" : 5242880,
        "filetypes" : [ 1 ],
        "group" : 1,
        "name" : "Другие страны и туризм",
        "slug" : "em",
        "threadlimit" : 200,
        "type" : 1
      },
    "model" : "board.section",
    "pk" : 8
  },
  { "fields" : { "anonymity" : false,
        "bumplimit" : 500,
        "default_name" : "Аноним",
        "description" : "",
        "filesize_limit" : 5242880,
        "filetypes" : [ 1 ],
        "group" : 1,
        "name" : "Выживание и самооборона",
        "slug" : "ew",
        "threadlimit" : 200,
        "type" : 1
      },
    "model" : "board.section",
    "pk" : 9
  },
  { "fields" : { "anonymity" : false,
        "bumplimit" : 500,
        "default_name" : "Аноним",
        "description" : "",
        "filesize_limit" : 5242880,
        "filetypes" : [ 1 ],
        "group" : 1,
        "name" : "Мода и стиль",
        "slug" : "fa",
        "threadlimit" : 200,
        "type" : 1
      },
    "model" : "board.section",
    "pk" : 10
  },
  { "fields" : { "anonymity" : false,
        "bumplimit" : 500,
        "default_name" : "Аноним",
        "description" : "",
        "filesize_limit" : 5242880,
        "filetypes" : [ 1 ],
        "group" : 1,
        "name" : "Медицина",
        "slug" : "me",
        "threadlimit" : 200,
        "type" : 1
      },
    "model" : "board.section",
    "pk" : 11
  },
  { "fields" : { "anonymity" : false,
        "bumplimit" : 500,
        "default_name" : "Аноним",
        "description" : "",
        "filesize_limit" : 5242880,
        "filetypes" : [ 1,
            2
          ],
        "group" : 1,
        "name" : "Музыка",
        "slug" : "mu",
        "threadlimit" : 200,
        "type" : 1
      },
    "model" : "board.section",
    "pk" : 12
  },
  { "fields" : { "anonymity" : false,
        "bumplimit" : 500,
        "default_name" : "Аноним",
        "description" : "",
        "filesize_limit" : 5242880,
        "filetypes" : [ 1 ],
        "group" : 1,
        "name" : "Животные и природа",
        "slug" : "ne",
        "threadlimit" : 200,
        "type" : 1
      },
    "model" : "board.section",
    "pk" : 13
  },
  { "fields" : { "anonymity" : false,
        "bumplimit" : 500,
        "default_name" : "Аноним",
        "description" : "",
        "filesize_limit" : 5242880,
        "filetypes" : [ 1 ],
        "group" : 1,
        "name" : "Политика и новости",
        "slug" : "po",
        "threadlimit" : 200,
        "type" : 1
      },
    "model" : "board.section",
    "pk" : 14
  },
  { "fields" : { "anonymity" : false,
        "bumplimit" : 500,
        "default_name" : "Аноним",
        "description" : "",
        "filesize_limit" : 5242880,
        "filetypes" : [ 1,
            4,
            5
          ],
        "group" : 1,
        "name" : "Программирование",
        "slug" : "pr",
        "threadlimit" : 200,
        "type" : 1
      },
    "model" : "board.section",
    "pk" : 15
  },
  { "fields" : { "anonymity" : false,
        "bumplimit" : 500,
        "default_name" : "Аноним",
        "description" : "",
        "filesize_limit" : 5242880,
        "filetypes" : [ 1 ],
        "group" : 1,
        "name" : "Психология и отношения",
        "slug" : "psy",
        "threadlimit" : 200,
        "type" : 1
      },
    "model" : "board.section",
    "pk" : 16
  },
  { "fields" : { "anonymity" : false,
        "bumplimit" : 500,
        "default_name" : "Аноним",
        "description" : "",
        "filesize_limit" : 5242880,
        "filetypes" : [ 1 ],
        "group" : 1,
        "name" : "Радиотехника",
        "slug" : "ra",
        "threadlimit" : 200,
        "type" : 1
      },
    "model" : "board.section",
    "pk" : 17
  },
  { "fields" : { "anonymity" : false,
        "bumplimit" : 500,
        "default_name" : "Аноним",
        "description" : "",
        "filesize_limit" : 5242880,
        "filetypes" : [ 1 ],
        "group" : 1,
        "name" : "Религия и философия",
        "slug" : "re",
        "threadlimit" : 200,
        "type" : 1
      },
    "model" : "board.section",
    "pk" : 18
  },
  { "fields" : { "anonymity" : false,
        "bumplimit" : 500,
        "default_name" : "Аноним",
        "description" : "",
        "filesize_limit" : 5242880,
        "filetypes" : [ 1,
            5
          ],
        "group" : 1,
        "name" : "Программы",
        "slug" : "s",
        "threadlimit" : 200,
        "type" : 1
      },
    "model" : "board.section",
    "pk" : 19
  },
  { "fields" : { "anonymity" : false,
        "bumplimit" : 500,
        "default_name" : "Аноним",
        "description" : "",
        "filesize_limit" : 20971520,
        "filetypes" : [ 1,
            4
          ],
        "group" : 1,
        "name" : "Наука и образование",
        "slug" : "sci",
        "threadlimit" : 200,
        "type" : 1
      },
    "model" : "board.section",
    "pk" : 20
  },
  { "fields" : { "anonymity" : false,
        "bumplimit" : 500,
        "default_name" : "Аноним",
        "description" : "",
        "filesize_limit" : 5242880,
        "filetypes" : [ 1 ],
        "group" : 1,
        "name" : "Паранормальные явления",
        "slug" : "sn",
        "threadlimit" : 200,
        "type" : 1
      },
    "model" : "board.section",
    "pk" : 21
  },
  { "fields" : { "anonymity" : false,
        "bumplimit" : 500,
        "default_name" : "Аноним",
        "description" : "",
        "filesize_limit" : 5242880,
        "filetypes" : [ 1 ],
        "group" : 1,
        "name" : "Спорт",
        "slug" : "sp",
        "threadlimit" : 200,
        "type" : 1
      },
    "model" : "board.section",
    "pk" : 22
  },
  { "fields" : { "anonymity" : false,
        "bumplimit" : 500,
        "default_name" : "Аноним",
        "description" : "",
        "filesize_limit" : 5242880,
        "filetypes" : [ 1 ],
        "group" : 1,
        "name" : "Технологии",
        "slug" : "t",
        "threadlimit" : 200,
        "type" : 1
      },
    "model" : "board.section",
    "pk" : 23
  },
  { "fields" : { "anonymity" : false,
        "bumplimit" : 500,
        "default_name" : "Аноним",
        "description" : "",
        "filesize_limit" : 5242880,
        "filetypes" : [ 1 ],
        "group" : 1,
        "name" : "ТВ и кино",
        "slug" : "tv",
        "threadlimit" : 200,
        "type" : 1
      },
    "model" : "board.section",
    "pk" : 24
  },
  { "fields" : { "anonymity" : false,
        "bumplimit" : 500,
        "default_name" : "Аноним",
        "description" : "",
        "filesize_limit" : 5242880,
        "filetypes" : [ 1 ],
        "group" : 1,
        "name" : "Видеоигры",
        "slug" : "vg",
        "threadlimit" : 200,
        "type" : 1
      },
    "model" : "board.section",
    "pk" : 25
  },
  { "fields" : { "anonymity" : false,
        "bumplimit" : 500,
        "default_name" : "Аноним",
        "description" : "",
        "filesize_limit" : 5242880,
        "filetypes" : [ 1 ],
        "group" : 1,
        "name" : "Вархаммер",
        "slug" : "wh",
        "threadlimit" : 200,
        "type" : 1
      },
    "model" : "board.section",
    "pk" : 26
  },
  { "fields" : { "anonymity" : false,
        "bumplimit" : 500,
        "default_name" : "Аноним",
        "description" : "Для обсуждения \"рашки\", политических новостей сми, и т д - есть /po/.",
        "filesize_limit" : 5242880,
        "filetypes" : [ 1 ],
        "group" : 1,
        "name" : "Военная техника и оружие",
        "slug" : "wm",
        "threadlimit" : 200,
        "type" : 1
      },
    "model" : "board.section",
    "pk" : 27
  },
  { "fields" : { "anonymity" : false,
        "bumplimit" : 500,
        "default_name" : "Аноним",
        "description" : "Еда и продукты. Готовка и употребление в пищу. Овощи и фрукты, мясо и рыба.",
        "filesize_limit" : 5242880,
        "filetypes" : [ 1 ],
        "group" : 2,
        "name" : "Столовая",
        "slug" : "di",
        "threadlimit" : 200,
        "type" : 1
      },
    "model" : "board.section",
    "pk" : 28
  },
  { "fields" : { "anonymity" : false,
        "bumplimit" : 500,
        "default_name" : "Аноним",
        "description" : "Раздел для обсуждения хобби любых видов: от строительства и вязания до коллекционирования.",
        "filesize_limit" : 5242880,
        "filetypes" : [ 1,
            4
          ],
        "group" : 2,
        "name" : "Хобби",
        "slug" : "diy",
        "threadlimit" : 200,
        "type" : 1
      },
    "model" : "board.section",
    "pk" : 29
  },
  { "fields" : { "anonymity" : false,
        "bumplimit" : 500,
        "default_name" : "Аноним",
        "description" : "",
        "filesize_limit" : 20971520,
        "filetypes" : [ 6 ],
        "group" : 2,
        "name" : "Флеш",
        "slug" : "f",
        "threadlimit" : 200,
        "type" : 1
      },
    "model" : "board.section",
    "pk" : 30
  },
  { "fields" : { "anonymity" : false,
        "bumplimit" : 500,
        "default_name" : "Аноним",
        "description" : "",
        "filesize_limit" : 5242880,
        "filetypes" : [ 1 ],
        "group" : 2,
        "name" : "Живопись",
        "slug" : "pa",
        "threadlimit" : 200,
        "type" : 1
      },
    "model" : "board.section",
    "pk" : 31
  },
  { "fields" : { "anonymity" : false,
        "bumplimit" : 500,
        "default_name" : "Аноним",
        "description" : "Раздел для фотографов и фотолюбителей, обсуждение искусства фотографии и фототехники.",
        "filesize_limit" : 20971520,
        "filetypes" : [ 1,
            3
          ],
        "group" : 2,
        "name" : "Фото",
        "slug" : "p",
        "threadlimit" : 200,
        "type" : 1
      },
    "model" : "board.section",
    "pk" : 32
  },
  { "fields" : { "anonymity" : false,
        "bumplimit" : 500,
        "default_name" : "Аноним",
        "description" : "",
        "filesize_limit" : 5242880,
        "filetypes" : [ 1 ],
        "group" : 2,
        "name" : "Трехмерная графика",
        "slug" : "td",
        "threadlimit" : 200,
        "type" : 1
      },
    "model" : "board.section",
    "pk" : 33
  },
  { "fields" : { "anonymity" : false,
        "bumplimit" : 500,
        "default_name" : "Аноним",
        "description" : "Для картинок, которые можно повесить на рабочий стол. Помните, качество и оригинальность — превыше всего.",
        "filesize_limit" : 20971520,
        "filetypes" : [ 1 ],
        "group" : 2,
        "name" : "Обои",
        "slug" : "wp",
        "threadlimit" : 200,
        "type" : 1
      },
    "model" : "board.section",
    "pk" : 34
  },
  { "fields" : { "anonymity" : false,
        "bumplimit" : 500,
        "default_name" : "Аноним",
        "description" : "Не отвечайте на сообщения троллей, сообщения не по теме и спам.",
        "filesize_limit" : 5242880,
        "filetypes" : [ 1 ],
        "group" : 3,
        "name" : "Аниме",
        "slug" : "a",
        "threadlimit" : 200,
        "type" : 1
      },
    "model" : "board.section",
    "pk" : 35
  },
  { "fields" : { "anonymity" : false,
        "bumplimit" : 500,
        "default_name" : "Аноним",
        "description" : "",
        "filesize_limit" : 5242880,
        "filetypes" : [ 1 ],
        "group" : 3,
        "name" : "Аниме арт",
        "slug" : "aa",
        "threadlimit" : 200,
        "type" : 1
      },
    "model" : "board.section",
    "pk" : 36
  },
  { "fields" : { "anonymity" : false,
        "bumplimit" : 500,
        "default_name" : "Аноним",
        "description" : "Обсуждения фэндома: косплей, люди, события.",
        "filesize_limit" : 5242880,
        "filetypes" : [ 1 ],
        "group" : 3,
        "name" : "Фэндом",
        "slug" : "fd",
        "threadlimit" : 200,
        "type" : 1,
        "force_files": false
      },
    "model" : "board.section",
    "pk" : 37
  },
  { "fields" : { "anonymity" : false,
        "bumplimit" : 500,
        "default_name" : "Аноним",
        "description" : "",
        "filesize_limit" : 5242880,
        "filetypes" : [ 1 ],
        "group" : 3,
        "name" : "Манга",
        "slug" : "ma",
        "threadlimit" : 200,
        "type" : 1
      },
    "model" : "board.section",
    "pk" : 38
  },
  { "fields" : { "anonymity" : false,
        "bumplimit" : 500,
        "default_name" : "Аноним",
        "description" : "Кроссдресеры, дооперационные трансженщины (членодевки).\r\nДля футанари есть прочий хентай.\r\nМодели должны быть старше 18 лет.",
        "filesize_limit" : 5242880,
        "filetypes" : [ 1 ],
        "group" : 4,
        "name" : "Трапы",
        "slug" : "fg",
        "threadlimit" : 200,
        "type" : 1
      },
    "model" : "board.section",
    "pk" : 39
  },
  { "fields" : { "anonymity" : false,
        "bumplimit" : 500,
        "default_name" : "Аноним",
        "description" : "",
        "filesize_limit" : 5242880,
        "filetypes" : [ 1 ],
        "group" : 4,
        "name" : "Фурри",
        "slug" : "fur",
        "threadlimit" : 200,
        "type" : 1
      },
    "model" : "board.section",
    "pk" : 40
  },
  { "fields" : { "anonymity" : false,
        "bumplimit" : 500,
        "default_name" : "Аноним",
        "description" : "Запрещено: порно и эротические материалы с несовершеннолетними.",
        "filesize_limit" : 5242880,
        "filetypes" : [ 1 ],
        "group" : 4,
        "name" : "Девушки",
        "slug" : "g",
        "threadlimit" : 200,
        "type" : 1
      },
    "model" : "board.section",
    "pk" : 41
  },
  { "fields" : { "anonymity" : false,
        "bumplimit" : 500,
        "default_name" : "Аноним",
        "description" : "Запрещено: порно и эротические материалы с несовершеннолетними.\r\nЖенственные мужчины, трансвеститы, дооперационные трансженщины (членодевки) обсуждаются в /fg/.",
        "filesize_limit" : 5242880,
        "filetypes" : [ 1 ],
        "group" : 4,
        "name" : "Геи",
        "slug" : "ga",
        "threadlimit" : 200,
        "type" : 1
      },
    "model" : "board.section",
    "pk" : 42
  },
  { "fields" : { "anonymity" : false,
        "bumplimit" : 500,
        "default_name" : "Аноним",
        "description" : "Классический хентай. Гуро, членодевки, хентакли, animals и т.д. — это не сюда, а в /ho/.",
        "filesize_limit" : 5242880,
        "filetypes" : [ 1 ],
        "group" : 4,
        "name" : "Хентай",
        "slug" : "h",
        "threadlimit" : 200,
        "type" : 1
      },
    "model" : "board.section",
    "pk" : 43
  },
  { "fields" : { "anonymity" : false,
        "bumplimit" : 500,
        "default_name" : "Аноним",
        "description" : "Членодевки, тентакли, щупальца, гуро, фурри и т. д.",
        "filesize_limit" : 5242880,
        "filetypes" : [ 1 ],
        "group" : 4,
        "name" : "Прочий хентай",
        "slug" : "ho",
        "threadlimit" : 200,
        "type" : 1
      },
    "model" : "board.section",
    "pk" : 44
  },
  { "fields" : { "anonymity" : false,
        "bumplimit" : 500,
        "default_name" : "Аноним",
        "description" : "Раздел для нетрадиционного порно: бдсм, копро, вомит и прочие извращения.",
        "filesize_limit" : 5242880,
        "filetypes" : [ 1 ],
        "group" : 4,
        "name" : "Извращения",
        "slug" : "per",
        "threadlimit" : 200,
        "type" : 1
      },
    "model" : "board.section",
    "pk" : 45
  },
  { "fields" : { "anonymity" : false,
        "bumplimit" : 500,
        "default_name" : "Аноним",
        "description" : "Раздел реквестов. Постить запрошенное желательно в разделе, соответствующей тематики и отвечать здесь ссылкой на тред.",
        "filesize_limit" : 5242880,
        "filetypes" : [ 1,
            5
          ],
        "group" : 5,
        "name" : "Просьбы",
        "slug" : "r",
        "threadlimit" : 200,
        "type" : 1
      },
    "model" : "board.section",
    "pk" : 46
  },
  { "fields" : { "anonymity" : false,
        "bumplimit" : 500,
        "default_name" : "Аноним",
        "description" : "Лента новостей имиджборд.",
        "filesize_limit" : 5242880,
        "filetypes" : [ 1,
            5
          ],
        "group" : 5,
        "name" : "Лента",
        "slug" : "feed",
        "threadlimit" : 200,
        "type" : 3
      },
    "model" : "board.section",
    "pk" : 47
  },
  { "fields" : { "anonymity" : false,
        "bumplimit" : 500,
        "default_name" : "Аноним",
        "description" : "Встречи и знакомства.",
        "filesize_limit" : 5242880,
        "filetypes" : [ 1 ],
        "group" : 5,
        "name" : "Реальная жизнь",
        "slug" : "rl",
        "threadlimit" : 200,
        "type" : 1
      },
    "model" : "board.section",
    "pk" : 48
  },
  { "fields" : { "anonymity" : false,
        "bumplimit" : 500,
        "default_name" : "Аноним",
        "description" : "This board is for english-speaking users. DO NOT use other languages beside English.",
        "filesize_limit" : 5242880,
        "filetypes" : [ 1 ],
        "group" : 5,
        "name" : "International",
        "slug" : "int",
        "threadlimit" : 200,
        "type" : 1
      },
    "model" : "board.section",
    "pk" : 49
  },
  { "fields" : { "anonymity" : true,
        "bumplimit" : 500,
        "default_name" : "Аноним",
        "description" : "",
        "filesize_limit" : 5242880,
        "filetypes" : [ 1 ],
        "group" : 6,
        "name" : "Бред+",
        "slug" : "bb",
        "threadlimit" : 200,
        "type" : 1
      },
    "model" : "board.section",
    "pk" : 50
  },
  { "fields" : { "anonymity" : true,
        "bumplimit" : 500,
        "default_name" : "Аноним",
        "description" : "Пристанище для тех, кому не нравятся янки в бреду.",
        "filesize_limit" : 5242880,
        "filetypes" : [ 1 ],
        "group" : 6,
        "name" : "Убежище",
        "slug" : "rf",
        "threadlimit" : 200,
        "type" : 1
      },
    "model" : "board.section",
    "pk" : 51
  },
  { "fields" : { "anonymity" : true,
        "bumplimit" : 500,
        "default_name" : "Аноним",
        "description" : "Пристанище для тех, кому не нравятся янки в бреду.",
        "filesize_limit" : 5242880,
        "filetypes" : [ 1 ],
        "group" : 5,
        "name" : "Баги",
        "slug" : "bugs",
        "threadlimit" : 200,
        "type" : 1
      },
    "model" : "board.section",
    "pk" : 51
  },
  { "fields" : { "is_hidden" : false,
        "name" : "Тематика",
        "order" : 1
      },
    "model" : "board.sectiongroup",
    "pk" : 1
  },
  { "fields" : { "is_hidden" : false,
        "name" : "Творчество",
        "order" : 2
      },
    "model" : "board.sectiongroup",
    "pk" : 2
  },
  { "fields" : { "is_hidden" : false,
        "name" : "Японская культура",
        "order" : 3
      },
    "model" : "board.sectiongroup",
    "pk" : 3
  },
  { "fields" : { "is_hidden" : false,
        "name" : "Взрослым",
        "order" : 4
      },
    "model" : "board.sectiongroup",
    "pk" : 4
  },
  { "fields" : { "is_hidden" : false,
        "name" : "Разное",
        "order" : 5
      },
    "model" : "board.sectiongroup",
    "pk" : 5
  },
  { "fields" : { "is_hidden" : true,
        "name" : "Скрытое",
        "order" : 6
      },
    "model" : "board.sectiongroup",
    "pk" : 6
  }
]