[ { "fields" : { "name" : "Images" },
    "model" : "board.filetypegroup",
    "pk" : 1
  },
  { "fields" : { "name" : "Audio" },
    "model" : "board.filetypegroup",
    "pk" : 2
  },
  { "fields" : { "name" : "Video" },
    "model" : "board.filetypegroup",
    "pk" : 3
  },
  { "fields" : { "name" : "Text" },
    "model" : "board.filetypegroup",
    "pk" : 4
  },
  { "fields" : { "name" : "Archives" },
    "model" : "board.filetypegroup",
    "pk" : 5
  },
  { "fields" : { "name" : "Flash" },
    "model" : "board.filetypegroup",
    "pk" : 6
  },
  { "fields" : { "extension" : "jpg",
        "group" : 1,
        "mime" : "image/jpeg"
      },
    "model" : "board.filetype",
    "pk" : 1
  },
  { "fields" : { "extension" : "jpeg",
        "group" : 1,
        "mime" : "image/jpeg"
      },
    "model" : "board.filetype",
    "pk" : 2
  },
  { "fields" : { "extension" : "gif",
        "group" : 1,
        "mime" : "image/gif"
      },
    "model" : "board.filetype",
    "pk" : 3
  },
  { "fields" : { "extension" : "png",
        "group" : 1,
        "mime" : "image/png"
      },
    "model" : "board.filetype",
    "pk" : 4
  },
  { "fields" : { "extension" : "svg",
        "group" : 1,
        "mime" : "image/svg"
      },
    "model" : "board.filetype",
    "pk" : 5
  },
  { "fields" : { "extension" : "tiff",
        "group" : 1,
        "mime" : "image/tiff"
      },
    "model" : "board.filetype",
    "pk" : 6
  },
  { "fields" : { "extension" : "webp",
        "group" : 1,
        "mime" : "image/webp"
      },
    "model" : "board.filetype",
    "pk" : 7
  },
  { "fields" : { "extension" : "mp3",
        "group" : 2,
        "mime" : "audio/mpeg"
      },
    "model" : "board.filetype",
    "pk" : 8
  },
  { "fields" : { "extension" : "midi",
        "group" : 2,
        "mime" : "audio/midi"
      },
    "model" : "board.filetype",
    "pk" : 9
  },
  { "fields" : { "extension" : "ogg",
        "group" : 2,
        "mime" : "audio/ogg"
      },
    "model" : "board.filetype",
    "pk" : 10
  },
  { "fields" : { "extension" : "3gp",
        "group" : 3,
        "mime" : "video/3gpp"
      },
    "model" : "board.filetype",
    "pk" : 11
  },
  { "fields" : { "extension" : "mpg",
        "group" : 3,
        "mime" : "video/mpeg"
      },
    "model" : "board.filetype",
    "pk" : 12
  },
  { "fields" : { "extension" : "mpeg",
        "group" : 3,
        "mime" : "video/mpeg"
      },
    "model" : "board.filetype",
    "pk" : 13
  },
  { "fields" : { "extension" : "ogv",
        "group" : 3,
        "mime" : "video/ogg"
      },
    "model" : "board.filetype",
    "pk" : 14
  },
  { "fields" : { "extension" : "mov",
        "group" : 3,
        "mime" : "video/quicktime"
      },
    "model" : "board.filetype",
    "pk" : 15
  },
  { "fields" : { "extension" : "webm",
        "group" : 3,
        "mime" : "videm/webm"
      },
    "model" : "board.filetype",
    "pk" : 16
  },
  { "fields" : { "extension" : "flv",
        "group" : 3,
        "mime" : "video/x-flv"
      },
    "model" : "board.filetype",
    "pk" : 17
  },
  { "fields" : { "extension" : "wmv",
        "group" : 3,
        "mime" : "video/x-ms-wmv"
      },
    "model" : "board.filetype",
    "pk" : 18
  },
  { "fields" : { "extension" : "avi",
        "group" : 3,
        "mime" : "video/x-msvideo"
      },
    "model" : "board.filetype",
    "pk" : 19
  },
  { "fields" : { "extension" : "html",
        "group" : 4,
        "mime" : "text/html"
      },
    "model" : "board.filetype",
    "pk" : 20
  },
  { "fields" : { "extension" : "htm",
        "group" : 4,
        "mime" : "text/html"
      },
    "model" : "board.filetype",
    "pk" : 21
  },
  { "fields" : { "extension" : "doc",
        "group" : 4,
        "mime" : "application/msword"
      },
    "model" : "board.filetype",
    "pk" : 22
  },
  { "fields" : { "extension" : "docx",
        "group" : 4,
        "mime" : "application/msword"
      },
    "model" : "board.filetype",
    "pk" : 23
  },
  { "fields" : { "extension" : "pdf",
        "group" : 4,
        "mime" : "application/pdf"
      },
    "model" : "board.filetype",
    "pk" : 24
  },
  { "fields" : { "extension" : "txt",
        "group" : 4,
        "mime" : "text/plain"
      },
    "model" : "board.filetype",
    "pk" : 25
  },
  { "fields" : { "extension" : "swf",
        "group" : 6,
        "mime" : "application/x-shockwave-flash"
      },
    "model" : "board.filetype",
    "pk" : 26
  },
  { "fields" : { "extension" : "djvu",
        "group" : 4,
        "mime" : "image/x-djvu"
      },
    "model" : "board.filetype",
    "pk" : 27
  },
  { "fields" : { "anonymity" : true,
        "bumplimit" : 500,
        "default_name" : "Anonymous",
        "description" : "Porn & CP are prohibited.",
        "filesize_limit" : 5242880,
        "filetypes" : [ 1 ],
        "group" : 5,
        "name" : "Random",
        "slug" : "b",
        "threadlimit" : 200,
        "type" : 1
      },
    "model" : "board.section",
    "pk" : 1
  },
  { "fields" : { "anonymity" : false,
        "bumplimit" : 500,
        "default_name" : "Anonymous",
        "description" : "",
        "filesize_limit" : 5242880,
        "filetypes" : [ 1 ],
        "group" : 1,
        "name" : "Autos",
        "slug" : "au",
        "threadlimit" : 200,
        "type" : 1
      },
    "model" : "board.section",
    "pk" : 2
  },
  { "fields" : { "anonymity" : false,
        "bumplimit" : 500,
        "default_name" : "Anonymous",
        "description" : "",
        "filesize_limit" : 5242880,
        "filetypes" : [ 1 ],
        "group" : 1,
        "name" : "Board games",
        "slug" : "bg",
        "threadlimit" : 200,
        "type" : 1
      },
    "model" : "board.section",
    "pk" : 3
  },
  { "fields" : { "anonymity" : false,
        "bumplimit" : 500,
        "default_name" : "Anonymous",
        "description" : "",
        "filesize_limit" : 5242880,
        "filetypes" : [ 1 ],
        "group" : 1,
        "name" : "Bicycles",
        "slug" : "bi",
        "threadlimit" : 200,
        "type" : 1
      },
    "model" : "board.section",
    "pk" : 4
  },
  { "fields" : { "anonymity" : false,
        "bumplimit" : 500,
        "default_name" : "Anonymous",
        "description" : "",
        "filesize_limit" : 5242880,
        "filetypes" : [ 1 ],
        "group" : 1,
        "name" : "Business",
        "slug" : "biz",
        "threadlimit" : 200,
        "type" : 1
      },
    "model" : "board.section",
    "pk" : 5
  },
  { "fields" : { "anonymity" : false,
        "bumplimit" : 500,
        "default_name" : "Anonymous",
        "description" : "",
        "filesize_limit" : 5242880,
        "filetypes" : [ 1,
            4
          ],
        "group" : 1,
        "name" : "Books",
        "slug" : "bo",
        "threadlimit" : 200,
        "type" : 1
      },
    "model" : "board.section",
    "pk" : 6
  },
  { "fields" : { "anonymity" : false,
        "bumplimit" : 500,
        "default_name" : "Anonymous",
        "description" : "",
        "filesize_limit" : 5242880,
        "filetypes" : [ 1 ],
        "group" : 1,
        "name" : "Comics",
        "slug" : "c",
        "threadlimit" : 200,
        "type" : 1
      },
    "model" : "board.section",
    "pk" : 7
  },
  { "fields" : { "anonymity" : false,
        "bumplimit" : 500,
        "default_name" : "Anonymous",
        "description" : "",
        "filesize_limit" : 5242880,
        "filetypes" : [ 1 ],
        "group" : 1,
        "name" : "Tourism",
        "slug" : "em",
        "threadlimit" : 200,
        "type" : 1
      },
    "model" : "board.section",
    "pk" : 8
  },
  { "fields" : { "anonymity" : false,
        "bumplimit" : 500,
        "default_name" : "Anonymous",
        "description" : "",
        "filesize_limit" : 5242880,
        "filetypes" : [ 1 ],
        "group" : 1,
        "name" : "Survival & self-defence",
        "slug" : "sur",
        "threadlimit" : 200,
        "type" : 1
      },
    "model" : "board.section",
    "pk" : 9
  },
  { "fields" : { "anonymity" : false,
        "bumplimit" : 500,
        "default_name" : "Anonymous",
        "description" : "",
        "filesize_limit" : 5242880,
        "filetypes" : [ 1 ],
        "group" : 1,
        "name" : "Fashion & style",
        "slug" : "fa",
        "threadlimit" : 200,
        "type" : 1
      },
    "model" : "board.section",
    "pk" : 10
  },
  { "fields" : { "anonymity" : false,
        "bumplimit" : 500,
        "default_name" : "Anonymous",
        "description" : "",
        "filesize_limit" : 5242880,
        "filetypes" : [ 1 ],
        "group" : 1,
        "name" : "Medicine",
        "slug" : "me",
        "threadlimit" : 200,
        "type" : 1
      },
    "model" : "board.section",
    "pk" : 11
  },
  { "fields" : { "anonymity" : false,
        "bumplimit" : 500,
        "default_name" : "Anonymous",
        "description" : "",
        "filesize_limit" : 5242880,
        "filetypes" : [ 1,
            2
          ],
        "group" : 1,
        "name" : "Music",
        "slug" : "mu",
        "threadlimit" : 200,
        "type" : 1
      },
    "model" : "board.section",
    "pk" : 12
  },
  { "fields" : { "anonymity" : false,
        "bumplimit" : 500,
        "default_name" : "Anonymous",
        "description" : "",
        "filesize_limit" : 5242880,
        "filetypes" : [ 1 ],
        "group" : 1,
        "name" : "Nature & animals",
        "slug" : "ne",
        "threadlimit" : 200,
        "type" : 1
      },
    "model" : "board.section",
    "pk" : 13
  },
  { "fields" : { "anonymity" : false,
        "bumplimit" : 500,
        "default_name" : "Anonymous",
        "description" : "",
        "filesize_limit" : 5242880,
        "filetypes" : [ 1 ],
        "group" : 1,
        "name" : "Politics",
        "slug" : "po",
        "threadlimit" : 200,
        "type" : 1
      },
    "model" : "board.section",
    "pk" : 14
  },
  { "fields" : { "anonymity" : false,
        "bumplimit" : 500,
        "default_name" : "Anonymous",
        "description" : "",
        "filesize_limit" : 5242880,
        "filetypes" : [ 1,
            4,
            5
          ],
        "group" : 1,
        "name" : "Programming",
        "slug" : "pr",
        "threadlimit" : 200,
        "type" : 1
      },
    "model" : "board.section",
    "pk" : 15
  },
  { "fields" : { "anonymity" : false,
        "bumplimit" : 500,
        "default_name" : "Anonymous",
        "description" : "",
        "filesize_limit" : 5242880,
        "filetypes" : [ 1 ],
        "group" : 1,
        "name" : "Psychology",
        "slug" : "psy",
        "threadlimit" : 200,
        "type" : 1
      },
    "model" : "board.section",
    "pk" : 16
  },
  { "fields" : { "anonymity" : false,
        "bumplimit" : 500,
        "default_name" : "Anonymous",
        "description" : "",
        "filesize_limit" : 5242880,
        "filetypes" : [ 1 ],
        "group" : 1,
        "name" : "Radiotechnics",
        "slug" : "ra",
        "threadlimit" : 200,
        "type" : 1
      },
    "model" : "board.section",
    "pk" : 17
  },
  { "fields" : { "anonymity" : false,
        "bumplimit" : 500,
        "default_name" : "Anonymous",
        "description" : "",
        "filesize_limit" : 5242880,
        "filetypes" : [ 1 ],
        "group" : 1,
        "name" : "Religion & philosophy",
        "slug" : "re",
        "threadlimit" : 200,
        "type" : 1
      },
    "model" : "board.section",
    "pk" : 18
  },
  { "fields" : { "anonymity" : false,
        "bumplimit" : 500,
        "default_name" : "Anonymous",
        "description" : "",
        "filesize_limit" : 5242880,
        "filetypes" : [ 1,
            5
          ],
        "group" : 1,
        "name" : "Software",
        "slug" : "s",
        "threadlimit" : 200,
        "type" : 1
      },
    "model" : "board.section",
    "pk" : 19
  },
  { "fields" : { "anonymity" : false,
        "bumplimit" : 500,
        "default_name" : "Anonymous",
        "description" : "",
        "filesize_limit" : 20971520,
        "filetypes" : [ 1,
            4
          ],
        "group" : 1,
        "name" : "Science",
        "slug" : "sci",
        "threadlimit" : 200,
        "type" : 1
      },
    "model" : "board.section",
    "pk" : 20
  },
  { "fields" : { "anonymity" : false,
        "bumplimit" : 500,
        "default_name" : "Anonymous",
        "description" : "",
        "filesize_limit" : 5242880,
        "filetypes" : [ 1 ],
        "group" : 1,
        "name" : "Paranormal",
        "slug" : "sn",
        "threadlimit" : 200,
        "type" : 1
      },
    "model" : "board.section",
    "pk" : 21
  },
  { "fields" : { "anonymity" : false,
        "bumplimit" : 500,
        "default_name" : "Anonymous",
        "description" : "",
        "filesize_limit" : 5242880,
        "filetypes" : [ 1 ],
        "group" : 1,
        "name" : "Sport",
        "slug" : "sp",
        "threadlimit" : 200,
        "type" : 1
      },
    "model" : "board.section",
    "pk" : 22
  },
  { "fields" : { "anonymity" : false,
        "bumplimit" : 500,
        "default_name" : "Anonymous",
        "description" : "",
        "filesize_limit" : 5242880,
        "filetypes" : [ 1 ],
        "group" : 1,
        "name" : "Technology",
        "slug" : "t",
        "threadlimit" : 200,
        "type" : 1
      },
    "model" : "board.section",
    "pk" : 23
  },
  { "fields" : { "anonymity" : false,
        "bumplimit" : 500,
        "default_name" : "Anonymous",
        "description" : "",
        "filesize_limit" : 5242880,
        "filetypes" : [ 1 ],
        "group" : 1,
        "name" : "TV and films",
        "slug" : "tv",
        "threadlimit" : 200,
        "type" : 1
      },
    "model" : "board.section",
    "pk" : 24
  },
  { "fields" : { "anonymity" : false,
        "bumplimit" : 500,
        "default_name" : "Anonymous",
        "description" : "",
        "filesize_limit" : 5242880,
        "filetypes" : [ 1 ],
        "group" : 1,
        "name" : "Videogames",
        "slug" : "vg",
        "threadlimit" : 200,
        "type" : 1
      },
    "model" : "board.section",
    "pk" : 25
  },
  { "fields" : { "anonymity" : false,
        "bumplimit" : 500,
        "default_name" : "Anonymous",
        "description" : "",
        "filesize_limit" : 5242880,
        "filetypes" : [ 1 ],
        "group" : 1,
        "name" : "Warhammer",
        "slug" : "wh",
        "threadlimit" : 200,
        "type" : 1
      },
    "model" : "board.section",
    "pk" : 26
  },
  { "fields" : { "anonymity" : false,
        "bumplimit" : 500,
        "default_name" : "Anonymous",
        "description" : "",
        "filesize_limit" : 5242880,
        "filetypes" : [ 1 ],
        "group" : 1,
        "name" : "Military equipment",
        "slug" : "mil",
        "threadlimit" : 200,
        "type" : 1
      },
    "model" : "board.section",
    "pk" : 27
  },
  { "fields" : { "anonymity" : false,
        "bumplimit" : 500,
        "default_name" : "Anonymous",
        "description" : "Food discussion.",
        "filesize_limit" : 5242880,
        "filetypes" : [ 1 ],
        "group" : 2,
        "name" : "Dining room",
        "slug" : "di",
        "threadlimit" : 200,
        "type" : 1
      },
    "model" : "board.section",
    "pk" : 28
  },
  { "fields" : { "anonymity" : false,
        "bumplimit" : 500,
        "default_name" : "Anonymous",
        "description" : "",
        "filesize_limit" : 5242880,
        "filetypes" : [ 1,
            4
          ],
        "group" : 2,
        "name" : "Hobby",
        "slug" : "diy",
        "threadlimit" : 200,
        "type" : 1
      },
    "model" : "board.section",
    "pk" : 29
  },
  { "fields" : { "anonymity" : false,
        "bumplimit" : 500,
        "default_name" : "Anonymous",
        "description" : "",
        "filesize_limit" : 20971520,
        "filetypes" : [ 6 ],
        "group" : 2,
        "name" : "Flash",
        "slug" : "f",
        "threadlimit" : 200,
        "type" : 1
      },
    "model" : "board.section",
    "pk" : 30
  },
  { "fields" : { "anonymity" : false,
        "bumplimit" : 500,
        "default_name" : "Anonymous",
        "description" : "",
        "filesize_limit" : 5242880,
        "filetypes" : [ 1 ],
        "group" : 2,
        "name" : "Painting",
        "slug" : "pa",
        "threadlimit" : 200,
        "type" : 1
      },
    "model" : "board.section",
    "pk" : 31
  },
  { "fields" : { "anonymity" : false,
        "bumplimit" : 500,
        "default_name" : "Anonymous",
        "description" : "",
        "filesize_limit" : 20971520,
        "filetypes" : [ 1,
            3
          ],
        "group" : 2,
        "name" : "Photo",
        "slug" : "p",
        "threadlimit" : 200,
        "type" : 1
      },
    "model" : "board.section",
    "pk" : 32
  },
  { "fields" : { "anonymity" : false,
        "bumplimit" : 500,
        "default_name" : "Anonymous",
        "description" : "",
        "filesize_limit" : 5242880,
        "filetypes" : [ 1 ],
        "group" : 2,
        "name" : "3d-graphics",
        "slug" : "td",
        "threadlimit" : 200,
        "type" : 1
      },
    "model" : "board.section",
    "pk" : 33
  },
  { "fields" : { "anonymity" : false,
        "bumplimit" : 500,
        "default_name" : "Anonymous",
        "description" : "Desktop wallpapers.",
        "filesize_limit" : 20971520,
        "filetypes" : [ 1 ],
        "group" : 2,
        "name" : "Wallpapers",
        "slug" : "wp",
        "threadlimit" : 200,
        "type" : 1
      },
    "model" : "board.section",
    "pk" : 34
  },
  { "fields" : { "anonymity" : false,
        "bumplimit" : 500,
        "default_name" : "Anonymous",
        "description" : "",
        "filesize_limit" : 5242880,
        "filetypes" : [ 1 ],
        "group" : 3,
        "name" : "Anime",
        "slug" : "a",
        "threadlimit" : 200,
        "type" : 1
      },
    "model" : "board.section",
    "pk" : 35
  },
  { "fields" : { "anonymity" : false,
        "bumplimit" : 500,
        "default_name" : "Anonymous",
        "description" : "",
        "filesize_limit" : 5242880,
        "filetypes" : [ 1 ],
        "group" : 3,
        "name" : "Anime art",
        "slug" : "aa",
        "threadlimit" : 200,
        "type" : 1
      },
    "model" : "board.section",
    "pk" : 36
  },
  { "fields" : { "anonymity" : false,
        "bumplimit" : 500,
        "default_name" : "Anonymous",
        "description" : "",
        "filesize_limit" : 5242880,
        "filetypes" : [ 1 ],
        "group" : 3,
        "name" : "Fandom",
        "slug" : "fd",
        "threadlimit" : 200,
        "type" : 1,
        "force_files": false
      },
    "model" : "board.section",
    "pk" : 37
  },
  { "fields" : { "anonymity" : false,
        "bumplimit" : 500,
        "default_name" : "Anonymous",
        "description" : "",
        "filesize_limit" : 5242880,
        "filetypes" : [ 1 ],
        "group" : 3,
        "name" : "Manga",
        "slug" : "ma",
        "threadlimit" : 200,
        "type" : 1
      },
    "model" : "board.section",
    "pk" : 38
  },
  { "fields" : { "anonymity" : false,
        "bumplimit" : 500,
        "default_name" : "Anonymous",
        "description" : "Crossdressers, traps, dickgirls etc.",
        "filesize_limit" : 5242880,
        "filetypes" : [ 1 ],
        "group" : 4,
        "name" : "Traps",
        "slug" : "fg",
        "threadlimit" : 200,
        "type" : 1
      },
    "model" : "board.section",
    "pk" : 39
  },
  { "fields" : { "anonymity" : false,
        "bumplimit" : 500,
        "default_name" : "Anonymous",
        "description" : "",
        "filesize_limit" : 5242880,
        "filetypes" : [ 1 ],
        "group" : 4,
        "name" : "Furry",
        "slug" : "fur",
        "threadlimit" : 200,
        "type" : 1
      },
    "model" : "board.section",
    "pk" : 40
  },
  { "fields" : { "anonymity" : false,
        "bumplimit" : 500,
        "default_name" : "Anonymous",
        "description" : "No CP!",
        "filesize_limit" : 5242880,
        "filetypes" : [ 1 ],
        "group" : 4,
        "name" : "Girls",
        "slug" : "g",
        "threadlimit" : 200,
        "type" : 1
      },
    "model" : "board.section",
    "pk" : 41
  },
  { "fields" : { "anonymity" : false,
        "bumplimit" : 500,
        "default_name" : "Anonymous",
        "description" : "Traps -> /fg/.",
        "filesize_limit" : 5242880,
        "filetypes" : [ 1 ],
        "group" : 4,
        "name" : "Gays",
        "slug" : "ga",
        "threadlimit" : 200,
        "type" : 1
      },
    "model" : "board.section",
    "pk" : 42
  },
  { "fields" : { "anonymity" : false,
        "bumplimit" : 500,
        "default_name" : "Anonymous",
        "description" : "Classic hentai.",
        "filesize_limit" : 5242880,
        "filetypes" : [ 1 ],
        "group" : 4,
        "name" : "Hentai",
        "slug" : "h",
        "threadlimit" : 200,
        "type" : 1
      },
    "model" : "board.section",
    "pk" : 43
  },
  { "fields" : { "anonymity" : false,
        "bumplimit" : 500,
        "default_name" : "Anonymous",
        "description" : "Furry, guro, tentacles etc.",
        "filesize_limit" : 5242880,
        "filetypes" : [ 1 ],
        "group" : 4,
        "name" : "Other hentai",
        "slug" : "ho",
        "threadlimit" : 200,
        "type" : 1
      },
    "model" : "board.section",
    "pk" : 44
  },
  { "fields" : { "anonymity" : false,
        "bumplimit" : 500,
        "default_name" : "Anonymous",
        "description" : "Non-traditional porn.",
        "filesize_limit" : 5242880,
        "filetypes" : [ 1 ],
        "group" : 4,
        "name" : "Perversion",
        "slug" : "per",
        "threadlimit" : 200,
        "type" : 1
      },
    "model" : "board.section",
    "pk" : 45
  },
  { "fields" : { "anonymity" : false,
        "bumplimit" : 500,
        "default_name" : "Anonymous",
        "description" : "",
        "filesize_limit" : 5242880,
        "filetypes" : [ 1,
            5
          ],
        "group" : 5,
        "name" : "Requests",
        "slug" : "r",
        "threadlimit" : 200,
        "type" : 1
      },
    "model" : "board.section",
    "pk" : 46
  },
  { "fields" : { "anonymity" : false,
        "bumplimit" : 500,
        "default_name" : "Anonymous",
        "description" : "Imageboard news.",
        "filesize_limit" : 5242880,
        "filetypes" : [ 1,
            5
          ],
        "group" : 5,
        "name" : "News",
        "slug" : "news",
        "threadlimit" : 200,
        "type" : 3
      },
    "model" : "board.section",
    "pk" : 47
  },
  { "fields" : { "anonymity" : false,
        "bumplimit" : 500,
        "default_name" : "Anonymous",
        "description" : "Meetings & datings.",
        "filesize_limit" : 5242880,
        "filetypes" : [ 1 ],
        "group" : 5,
        "name" : "Real life",
        "slug" : "rl",
        "threadlimit" : 200,
        "type" : 1
      },
    "model" : "board.section",
    "pk" : 48
  },
  { "fields" : { "anonymity" : false,
        "bumplimit" : 500,
        "default_name" : "Anonymous",
        "description" : "This board is for english-speaking users. DO NOT use other languages beside English.",
        "filesize_limit" : 5242880,
        "filetypes" : [ 1 ],
        "group" : 5,
        "name" : "International",
        "slug" : "int",
        "threadlimit" : 200,
        "type" : 1
      },
    "model" : "board.section",
    "pk" : 49
  },
  { "fields" : { "anonymity" : true,
        "bumplimit" : 500,
        "default_name" : "Anonymous",
        "description" : "",
        "filesize_limit" : 5242880,
        "filetypes" : [ 1 ],
        "group" : 6,
        "name" : "Drugs",
        "slug" : "dr",
        "threadlimit" : 200,
        "type" : 1
      },
    "model" : "board.section",
    "pk" : 50
  },
  { "fields" : { "anonymity" : true,
        "bumplimit" : 500,
        "default_name" : "Anonymous",
        "description" : "",
        "filesize_limit" : 5242880,
        "filetypes" : [ 1 ],
        "group" : 6,
        "name" : "rf",
        "slug" : "rf",
        "threadlimit" : 200,
        "type" : 1
      },
    "model" : "board.section",
    "pk" : 51
  },
  { "fields" : { "anonymity" : true,
        "bumplimit" : 500,
        "default_name" : "Anonymous",
        "description" : "Bugtracker.",
        "filesize_limit" : 5242880,
        "filetypes" : [ 1 ],
        "group" : 5,
        "name" : "Bugs",
        "slug" : "bugs",
        "threadlimit" : 200,
        "type" : 5
      },
    "model" : "board.section",
    "pk" : 52
  },
  { "fields" : { "anonymity" : false,
        "bumplimit" : 500,
        "default_name" : "Anonymous",
        "description" : "",
        "filesize_limit" : 5242880,
        "filetypes" : [ 1 ],
        "group" : 1,
        "name" : "Foreign languages",
        "slug" : "fl",
        "threadlimit" : 200,
        "type" : 1
      },
    "model" : "board.section",
    "pk" : 53
  },
  { "fields" : { "anonymity" : false,
        "bumplimit" : 500,
        "default_name" : "Anonymous",
        "description" : "",
        "filesize_limit" : 5242880,
        "filetypes" : [ 1 ],
        "group" : 2,
        "name" : "History",
        "slug" : "hi",
        "threadlimit" : 200,
        "type" : 1
      },
    "model" : "board.section",
    "pk" : 54
  },
  { "fields" : { "anonymity" : false,
        "bumplimit" : 500,
        "default_name" : "Anonymous",
        "description" : "",
        "filesize_limit" : 5242880,
        "filetypes" : [ 1 ],
        "group" : 5,
        "name" : "Sex and relations",
        "slug" : "sex",
        "threadlimit" : 200,
        "type" : 1
      },
    "model" : "board.section",
    "pk" : 55
  },
  { "fields" : { "anonymity" : false,
        "bumplimit" : 500,
        "default_name" : "Anonymous",
        "description" : "",
        "filesize_limit" : 5242880,
        "filetypes" : [ 1 ],
        "group" : 6,
        "name" : "For girls",
        "slug" : "gir",
        "threadlimit" : 200,
        "type" : 1
      },
    "model" : "board.section",
    "pk" : 56
  },
  { "fields" : { "anonymity" : false,
        "bumplimit" : 500,
        "default_name" : "Anonymous",
        "description" : "",
        "filesize_limit" : 5242880,
        "filetypes" : [ 1 ],
        "group" : 1,
        "name" : "Ra/i/ds",
        "slug" : "i",
        "threadlimit" : 200,
        "type" : 1
      },
    "model" : "board.section",
    "pk" : 57
  },
  { "fields" : { "anonymity" : false,
        "bumplimit" : 500,
        "default_name" : "Anonymous",
        "description" : "",
        "filesize_limit" : 5242880,
        "filetypes" : [ 1 ],
        "group" : 1,
        "name" : "Design",
        "slug" : "de",
        "threadlimit" : 200,
        "type" : 1
      },
    "model" : "board.section",
    "pk" : 58
  },
  { "fields" : { "anonymity" : false,
        "bumplimit" : 500,
        "default_name" : "Anonymous",
        "description" : "",
        "filesize_limit" : 5242880,
        "filetypes" : [ 1 ],
        "group" : 1,
        "name" : "Fitness",
        "slug" : "fit",
        "threadlimit" : 200,
        "type" : 1
      },
    "model" : "board.section",
    "pk" : 59
  },
  { "fields" : { "is_hidden" : false,
        "name" : "Thematic",
        "order" : 1
      },
    "model" : "board.sectiongroup",
    "pk" : 1
  },
  { "fields" : { "is_hidden" : false,
        "name" : "Creative",
        "order" : 2
      },
    "model" : "board.sectiongroup",
    "pk" : 2
  },
  { "fields" : { "is_hidden" : false,
        "name" : "Japanese culture",
        "order" : 3
      },
    "model" : "board.sectiongroup",
    "pk" : 3
  },
  { "fields" : { "is_hidden" : false,
        "name" : "For adults",
        "order" : 4
      },
    "model" : "board.sectiongroup",
    "pk" : 4
  },
  { "fields" : { "is_hidden" : false,
        "name" : "Various",
        "order" : 5
      },
    "model" : "board.sectiongroup",
    "pk" : 5
  },
  { "fields" : { "is_hidden" : true,
        "name" : "Hidden",
        "order" : 6
      },
    "model" : "board.sectiongroup",
    "pk" : 6
  }
]